District,Rainfall_mm,WaterLevel_m,SoilMoisture_percent,Humidity_percent,FloodRisk
Erode,88.33,1.17,81.69,67.47,Safe
Tiruchirappalli,115.53,9.4,53.34,45.06,Warning
Salem,255.34,6.28,20.56,30.85,Warning
Erode,95.08,3.35,21.27,46.88,Safe
Madurai,50.85,1.39,71.7,98.31,Safe
Vellore,167.04,7.94,48.73,86.11,Warning
Salem,280.85,6.2,28.05,97.17,Warning
Salem,208.81,5.33,54.24,64.15,Warning
Erode,171.02,8.94,15.78,37.68,Warning
Coimbatore,29.15,7.89,62.38,68.36,Warning
Madurai,184.5,1.52,34.21,61.81,Safe
Erode,297.02,3.12,81.78,89.1,Danger
Madurai,42.03,2.48,37.93,36.87,Safe
Madurai,155.5,7.44,50.97,64.18,Warning
Vellore,263.21,0.34,11.05,40.5,Warning
Salem,222.23,5.7,16.52,52.73,Warning
Tiruchirappalli,209.1,7.62,45.32,81.61,Warning
Vellore,210.75,8.77,53.19,63.32,Warning
Vellore,107.85,3.42,64.0,56.31,Safe
Madurai,88.08,8.21,36.25,57.61,Warning
Tirunelveli,242.81,1.11,72.55,62.16,Warning
Salem,243.03,8.46,87.41,84.95,Danger
Coimbatore,260.12,1.27,80.19,92.45,Warning
Vellore,273.97,3.97,13.57,96.87,Warning
Tiruchirappalli,153.4,7.97,53.25,85.08,Warning
Tirunelveli,150.45,1.5,19.44,52.08,Safe
Tirunelveli,239.49,2.29,31.78,78.17,Warning
Coimbatore,194.99,7.22,98.8,60.63,Danger
Vellore,210.59,7.2,22.82,47.83,Warning
Tiruchirappalli,238.74,6.41,54.9,88.86,Warning
Salem,267.0,6.94,65.63,32.69,Warning
Chennai,101.4,5.43,73.22,93.12,Warning
Tiruchirappalli,112.67,2.52,60.37,,Safe
Coimbatore,28.19,3.46,10.88,74.6,Safe
Tirunelveli,173.48,1.82,39.38,76.15,Safe
Salem,10.78,9.08,56.59,92.66,Warning
Tiruchirappalli,139.68,5.83,17.91,74.57,Safe
Chennai,162.79,4.01,41.56,72.98,Warning
Chennai,85.96,4.62,12.99,34.67,Safe
Madurai,177.25,9.47,17.07,66.29,Warning
Madurai,9.15,1.53,45.72,40.51,Safe
Erode,11.2,5.86,21.94,81.62,Safe
Coimbatore,246.78,5.06,61.08,65.86,Warning
Vellore,108.06,6.11,72.05,77.62,Warning
Tiruchirappalli,38.12,0.18,82.05,32.92,Safe
Tiruchirappalli,156.67,8.72,28.01,35.94,Warning
Vellore,231.0,9.32,25.07,80.14,Danger
Erode,64.75,5.65,19.41,35.05,Safe
Tirunelveli,186.87,6.97,67.28,34.99,Warning
Tirunelveli,25.6,9.22,73.58,30.85,Warning
Erode,15.5,7.07,12.84,96.96,Safe
Tirunelveli,159.41,1.53,94.26,81.63,Warning
Madurai,162.19,5.76,14.68,54.73,Warning
Tiruchirappalli,191.23,6.07,58.72,50.76,Warning
Erode,217.83,4.24,73.82,54.48,Danger
Tiruchirappalli,292.76,7.36,88.39,84.23,Danger
Vellore,154.89,9.34,74.27,76.3,Warning
Chennai,96.89,9.26,82.16,42.96,Warning
Madurai,238.56,4.51,40.55,42.19,Warning
Salem,81.25,1.13,83.33,36.89,Safe
Madurai,131.69,9.85,17.21,76.22,Warning
Erode,23.54,8.39,90.53,83.51,Warning
Salem,7.61,1.25,59.28,48.55,Safe
Chennai,288.79,9.21,83.56,31.47,Danger
Erode,250.79,8.7,50.71,35.75,Danger
Coimbatore,208.79,5.19,67.92,97.75,Warning
Tiruchirappalli,122.69,5.91,57.38,50.68,Warning
Chennai,51.99,3.99,75.84,83.85,Warning
Tiruchirappalli,46.93,0.55,17.35,73.73,Safe
Tirunelveli,75.07,3.35,15.43,56.74,Safe
Coimbatore,164.77,8.03,32.24,44.4,Warning
Coimbatore,214.38,0.05,24.36,38.5,Safe
Chennai,198.06,3.33,88.46,73.05,Warning
Coimbatore,83.98,3.98,29.73,84.22,Safe
Salem,286.46,5.37,97.83,75.07,Danger
Coimbatore,221.37,9.2,40.32,67.12,Danger
Tiruchirappalli,166.31,3.46,26.39,32.94,Safe
Tiruchirappalli,183.52,3.47,81.07,97.79,Warning
Erode,125.88,7.38,69.28,85.91,Warning
Tiruchirappalli,74.32,4.52,54.84,50.5,Safe
Erode,106.79,2.25,59.98,98.6,Safe
Tiruchirappalli,227.35,4.52,74.73,72.13,Danger
Salem,4.32,1.41,30.56,70.77,Safe
Vellore,34.82,1.76,99.67,82.37,Safe
Erode,13.8,4.98,97.73,86.82,Warning
Madurai,12.22,4.19,68.53,75.95,Safe
Tirunelveli,256.64,9.15,27.96,38.97,Danger
Chennai,211.1,3.62,71.22,53.68,Warning
Tiruchirappalli,142.25,5.81,16.5,94.97,Warning
Coimbatore,29.35,6.32,12.76,45.72,Safe
Vellore,147.48,0.13,33.19,56.05,Safe
Tiruchirappalli,142.04,6.64,51.64,60.25,Warning
Coimbatore,51.96,1.78,88.14,60.76,Safe
Tirunelveli,130.16,9.61,75.45,72.91,Warning
Tirunelveli,119.55,1.49,76.84,96.02,Safe
Tirunelveli,184.76,4.15,48.29,46.85,Safe
Coimbatore,190.53,0.85,41.13,38.51,Safe
Tiruchirappalli,13.59,9.97,,43.82,Warning
Tirunelveli,112.38,5.02,98.89,92.08,Warning
Salem,187.76,5.95,13.61,75.21,Warning
Erode,150.94,0.67,88.03,50.01,Warning
Coimbatore,256.95,7.5,62.08,87.12,Danger
Coimbatore,197.61,2.1,49.48,90.3,Warning
Tiruchirappalli,48.88,8.98,75.27,89.26,Warning
Coimbatore,,2.05,53.8,94.32,Safe
Coimbatore,192.73,1.91,88.61,47.66,Warning
Tirunelveli,7.95,0.37,91.06,82.85,Safe
Tiruchirappalli,175.73,4.72,47.95,62.24,Warning
Tirunelveli,282.07,5.65,34.91,88.94,Danger
Erode,172.64,0.66,63.31,80.99,Safe
Vellore,116.45,7.76,92.11,84.35,Danger
Erode,192.99,4.53,28.96,75.93,Warning
Vellore,137.48,5.24,66.07,42.42,Warning
Tirunelveli,163.69,4.41,66.84,68.15,Warning
Erode,282.44,4.01,75.98,98.93,Danger
Tiruchirappalli,115.83,5.6,21.84,95.62,Warning
Chennai,288.36,1.55,74.42,33.02,Warning
Tirunelveli,271.61,1.82,91.81,41.54,Warning
Vellore,58.74,8.62,26.17,39.22,Warning
Salem,20.81,9.46,31.38,80.82,Safe
Vellore,30.23,3.73,97.43,87.24,Warning
Salem,5.47,2.71,26.29,44.95,Safe
Coimbatore,28.33,6.44,86.89,65.41,Safe
Erode,204.9,4.09,54.31,88.85,Warning
Salem,21.36,0.25,32.25,81.3,Safe
Vellore,95.69,1.56,88.37,67.96,Safe
Coimbatore,253.46,7.16,50.08,71.32,Danger
Chennai,6.98,6.59,56.33,65.59,Safe
Tiruchirappalli,244.34,0.27,42.33,50.83,Warning
Tiruchirappalli,84.56,2.22,63.37,69.55,Safe
Tiruchirappalli,35.45,2.31,24.72,78.22,Safe
Salem,209.02,6.72,45.2,91.13,Warning
Chennai,188.68,0.2,97.25,74.54,Safe
Salem,263.24,1.04,33.23,83.28,Warning
Erode,220.52,8.0,69.11,,Danger
Salem,241.04,1.79,39.27,62.31,Warning
Chennai,84.61,6.53,79.61,30.65,Safe
Chennai,53.23,2.38,21.78,47.27,Safe
Erode,225.18,0.99,97.28,80.85,Warning
Chennai,242.05,2.43,50.84,99.43,Warning
Vellore,297.15,7.22,31.24,36.94,Warning
Chennai,123.79,8.56,16.61,58.1,Warning
Tiruchirappalli,111.61,8.3,25.28,86.0,Warning
Vellore,232.92,3.97,56.78,44.28,Warning
Vellore,102.24,6.68,40.33,68.86,Warning
Erode,279.23,2.05,84.6,81.31,Warning
Madurai,257.52,2.93,48.78,73.12,Warning
Madurai,128.7,8.96,32.38,43.16,Warning
Chennai,225.26,0.13,65.54,54.88,Warning
Vellore,226.36,0.86,73.61,84.87,Warning
Madurai,30.94,2.08,25.03,68.8,Safe
Madurai,270.77,0.27,25.09,30.37,Warning
Chennai,151.58,1.81,13.3,83.27,Safe
Madurai,247.94,5.83,76.28,32.47,Warning
Salem,96.01,4.21,69.74,82.2,Warning
Coimbatore,268.66,8.93,52.72,44.17,Danger
Erode,116.76,8.17,85.98,97.07,Danger
Coimbatore,3.25,3.42,82.51,55.76,Safe
Chennai,271.61,2.59,62.68,52.89,Warning
Tiruchirappalli,27.39,3.8,88.14,40.42,Safe
Erode,95.79,5.9,28.53,51.39,Safe
Chennai,285.02,2.68,20.07,91.37,Warning
Vellore,285.18,6.24,34.28,99.74,Warning
Tiruchirappalli,172.03,4.09,15.14,55.78,Safe
Coimbatore,189.55,5.52,57.81,61.4,Warning
Chennai,134.53,4.36,94.29,80.54,Warning
Vellore,87.96,2.94,13.54,92.03,Safe
Erode,98.6,9.48,20.99,71.51,Warning
Erode,201.76,7.64,50.7,57.41,Warning
Tirunelveli,225.71,1.4,94.05,58.88,Warning
Vellore,237.47,8.68,38.45,78.69,Warning
Salem,236.89,4.87,55.65,30.23,Warning
Madurai,27.36,8.95,13.74,73.37,Safe
Tiruchirappalli,148.33,8.0,23.35,,Warning
Vellore,17.27,4.25,98.8,85.59,Safe
Tirunelveli,164.86,0.22,96.86,36.51,Warning
Madurai,132.46,2.69,10.44,71.17,Safe
Madurai,266.31,5.42,95.66,63.67,Danger
Chennai,105.27,6.33,67.52,,Warning
Madurai,35.12,2.58,88.11,34.54,Safe
Salem,42.9,1.39,50.93,70.6,Safe
Erode,228.45,8.35,56.4,69.3,Danger
Tirunelveli,185.47,9.84,54.0,69.25,Danger
Madurai,30.34,5.26,70.02,72.24,Warning
Chennai,25.23,1.72,22.57,77.35,Safe
Salem,210.29,2.72,12.7,86.35,Warning
Coimbatore,21.83,0.18,37.71,48.89,Safe
Erode,246.56,9.14,73.42,87.75,Danger
Erode,211.87,1.18,28.17,64.88,Warning
Tirunelveli,24.4,5.77,70.61,35.39,Safe
Erode,25.45,2.74,97.29,34.1,Safe
Madurai,295.99,5.54,18.45,53.4,Warning
Chennai,112.28,6.51,70.53,84.94,Warning
Erode,111.19,8.3,49.94,79.54,Warning
Erode,243.84,2.06,88.13,85.2,Warning
Coimbatore,284.17,0.11,25.94,66.21,Warning
Coimbatore,295.8,1.37,72.34,60.81,Warning
Tiruchirappalli,226.01,9.0,85.43,40.32,Danger
Salem,112.88,8.74,95.02,52.97,Warning
Madurai,25.05,5.97,71.49,60.38,Safe
Erode,233.14,6.01,54.75,36.2,Warning
Vellore,167.52,6.65,65.61,45.44,Warning
Erode,127.27,1.75,88.2,71.88,Warning
Chennai,271.91,9.14,61.35,81.5,Danger
Tiruchirappalli,33.36,4.19,12.73,99.88,Safe
Salem,147.79,3.83,93.79,95.32,Warning
Vellore,3.41,5.19,72.06,74.98,Safe
Tiruchirappalli,140.6,0.47,70.89,59.49,Safe
Tirunelveli,16.89,1.66,29.41,74.53,Safe
Salem,35.65,7.38,69.3,85.0,Warning
Erode,35.26,0.83,45.45,38.28,Safe
Erode,194.76,6.03,68.61,58.69,Danger
Salem,223.81,2.45,19.59,88.79,Warning
Erode,175.01,3.89,69.21,56.87,Warning
Madurai,288.65,2.89,99.95,70.03,Danger
Salem,112.46,3.56,14.34,71.14,Safe
Tiruchirappalli,85.71,7.19,97.95,42.91,Warning
Salem,260.58,2.97,46.62,55.36,Warning
Vellore,67.08,5.66,88.37,53.42,Warning
Erode,288.97,4.76,80.41,31.83,Danger
Madurai,3.65,6.64,61.03,31.69,Safe
Madurai,290.96,9.37,76.46,88.22,Danger
Tirunelveli,12.95,7.33,89.07,49.11,Warning
Tiruchirappalli,267.34,2.15,46.37,66.27,Warning
Coimbatore,158.31,0.31,39.43,50.91,Safe
Coimbatore,297.89,2.62,70.08,95.85,Warning
Salem,22.14,5.95,82.71,48.15,Warning
Tirunelveli,166.16,0.51,78.61,60.08,Warning
Chennai,290.79,4.96,81.8,91.09,Danger
Salem,156.93,5.97,49.2,88.94,Warning
Tirunelveli,188.82,3.34,83.61,43.03,Warning
Tiruchirappalli,208.72,7.71,20.82,86.19,Warning
Tiruchirappalli,136.36,1.07,59.0,62.07,Safe
Tiruchirappalli,188.27,0.75,10.52,63.81,Safe
Tiruchirappalli,175.29,7.28,39.21,39.34,Warning
Tiruchirappalli,270.35,4.95,42.98,35.64,Warning
Tirunelveli,13.63,6.88,45.66,80.96,Safe
Tirunelveli,84.29,4.35,72.59,64.75,Warning
Madurai,285.12,2.46,44.97,60.58,Warning
Vellore,267.08,8.19,50.38,81.07,Danger
Coimbatore,136.7,7.99,31.38,83.59,Warning
Erode,186.04,6.95,43.59,41.12,Warning
Tiruchirappalli,83.21,2.72,30.45,72.72,Safe
Chennai,56.44,5.9,16.59,39.47,Safe
Erode,139.11,3.61,64.31,82.6,Warning
Tirunelveli,106.01,0.92,70.14,75.99,Safe
Chennai,175.1,9.17,65.75,96.96,Danger
Chennai,23.32,1.37,51.71,34.83,Safe
Chennai,292.32,9.5,44.18,33.99,Danger
Madurai,295.86,4.46,87.7,49.75,Danger
Tirunelveli,209.45,1.85,56.72,48.32,Warning
Chennai,160.83,5.42,53.13,47.29,Warning
Tiruchirappalli,92.86,8.73,12.31,93.44,Warning
Salem,244.14,7.32,40.71,47.47,Warning
Chennai,205.42,8.07,44.22,49.04,Warning
Madurai,48.79,6.59,45.89,83.16,Safe
Erode,273.28,6.92,62.22,61.48,Danger
Tirunelveli,246.76,8.49,58.02,84.37,Danger
Vellore,284.94,2.5,64.71,34.58,Warning
Madurai,217.72,4.89,78.84,64.13,Warning
Chennai,184.02,2.21,83.17,32.35,Warning
Tirunelveli,125.47,9.88,74.63,34.39,Warning
Salem,279.82,9.44,96.0,93.45,Danger
Chennai,259.82,0.39,11.64,39.75,Warning
Madurai,13.57,7.06,27.62,67.27,Safe
Coimbatore,7.91,9.25,10.68,58.78,Safe
Tiruchirappalli,112.94,1.81,68.27,54.31,Safe
Vellore,243.17,5.68,90.82,92.99,Danger
Erode,296.18,9.15,31.91,31.53,Danger
Madurai,45.13,0.34,93.43,76.47,Safe
Tirunelveli,178.24,6.97,15.42,97.44,Warning
Vellore,114.27,2.97,94.1,69.21,Safe
Vellore,290.97,9.24,,95.58,Danger
Vellore,252.64,9.71,19.13,33.66,Warning
Chennai,251.5,9.44,53.73,59.32,Danger
Tiruchirappalli,140.61,4.74,33.11,48.21,Warning
Chennai,124.45,8.62,35.64,81.16,Warning
Tirunelveli,82.02,8.45,37.66,98.69,Warning
Chennai,16.91,3.19,82.27,47.96,Safe
Coimbatore,259.42,8.29,58.52,75.79,Danger
Tiruchirappalli,243.87,0.37,38.02,43.87,Warning
Tiruchirappalli,299.92,5.96,64.93,69.57,Danger
Tirunelveli,298.99,2.3,74.45,62.48,Warning
Erode,166.63,1.21,34.54,98.04,Safe
Coimbatore,230.7,0.77,47.22,72.6,Warning
Madurai,283.43,6.96,20.97,54.47,Warning
Chennai,254.89,3.4,26.3,37.99,Warning
Salem,74.2,7.25,71.3,40.59,Warning
Chennai,135.16,0.65,26.33,45.77,Safe
Vellore,38.75,3.15,57.26,47.57,Safe
Chennai,286.22,5.39,73.81,89.54,Danger
Madurai,181.85,7.91,19.62,69.29,Warning
Chennai,68.59,3.19,61.06,66.64,Safe
Coimbatore,201.51,6.26,33.09,38.03,Warning
Coimbatore,185.44,8.86,96.66,90.21,Danger
Tiruchirappalli,107.45,6.16,53.52,80.6,Warning
Tirunelveli,34.07,2.33,82.54,34.74,Safe
Erode,201.47,0.24,59.52,79.55,Warning
Salem,156.09,8.7,13.91,68.05,Warning
Vellore,231.7,0.21,66.98,35.72,Warning
Chennai,156.05,8.75,95.63,62.08,Danger
Chennai,255.65,5.29,64.15,63.93,Warning
Madurai,165.57,9.39,83.73,41.6,Warning
Tirunelveli,168.28,7.99,89.58,96.2,Danger
Coimbatore,263.0,9.98,30.53,89.5,Danger
Salem,121.04,3.51,29.08,76.83,Safe
Tiruchirappalli,40.2,7.67,64.99,62.36,Safe
Coimbatore,8.63,4.02,46.99,58.82,Safe
Vellore,226.54,4.8,85.59,75.57,Warning
Tirunelveli,186.09,6.28,91.0,68.18,Warning
Vellore,211.22,8.74,41.81,34.36,Warning
Erode,63.89,9.84,31.32,65.88,Warning
Tiruchirappalli,40.91,7.68,80.25,86.45,Warning
Erode,4.36,4.18,34.73,62.15,Safe
Madurai,105.18,4.21,84.04,33.64,Warning
Vellore,176.98,7.38,48.14,85.04,Warning
Madurai,117.67,2.39,70.08,44.1,Safe
Chennai,131.24,1.1,18.6,48.1,Safe
Erode,271.25,3.55,66.15,41.53,Warning
Tirunelveli,104.48,2.87,50.66,53.12,Safe
Vellore,154.2,2.96,62.79,82.97,Safe
Salem,235.1,2.34,25.12,66.36,Warning
Tiruchirappalli,118.96,0.42,76.32,44.34,Safe
Coimbatore,186.63,0.18,87.65,91.45,Warning
Tirunelveli,258.71,9.88,29.51,91.57,Danger
Tirunelveli,284.86,4.28,18.61,90.94,Warning
Madurai,44.12,3.84,12.13,46.72,Safe
Erode,277.98,6.8,67.78,61.59,Danger
Vellore,147.63,2.18,64.64,98.95,Warning
Vellore,77.47,9.5,59.2,84.04,Warning
Chennai,137.74,7.86,30.88,31.9,Warning
Chennai,294.01,0.89,45.18,34.56,Warning
Tiruchirappalli,147.79,4.18,63.5,62.48,Warning
Madurai,98.63,8.79,54.71,93.65,Warning
Tirunelveli,190.02,9.45,98.9,67.71,Danger
Vellore,72.04,4.67,22.28,64.85,Safe
Salem,22.76,6.13,72.56,37.38,Safe
Madurai,38.66,1.67,46.39,75.97,Safe
Tiruchirappalli,38.41,9.91,48.54,87.55,Warning
Tiruchirappalli,45.57,2.32,74.58,56.63,Safe
Madurai,41.65,9.43,72.32,84.29,Warning
Tiruchirappalli,192.26,6.5,99.21,97.51,Danger
Madurai,54.56,6.08,21.56,44.26,Safe
Coimbatore,103.7,5.13,19.37,66.63,Warning
Madurai,269.04,2.31,75.19,,Warning
Erode,142.19,1.77,62.05,85.5,Warning
Madurai,200.27,2.2,34.67,70.43,Warning
Tiruchirappalli,51.7,1.86,17.15,74.42,Safe
Vellore,57.69,7.8,17.71,85.85,Warning
Erode,12.26,3.5,90.48,57.72,Safe
Tiruchirappalli,50.68,0.58,27.27,94.06,Safe
Chennai,83.58,9.69,39.1,67.31,Warning
Chennai,53.1,8.84,30.4,41.06,Safe
Vellore,26.61,9.28,41.95,78.71,Warning
Vellore,36.19,9.95,16.25,85.53,Warning
Erode,138.23,1.74,56.72,52.17,Safe
Coimbatore,61.9,3.96,16.09,90.0,Safe
Vellore,109.28,7.58,82.03,93.43,Warning
Chennai,151.03,6.96,31.03,49.38,Warning
Madurai,207.12,1.54,58.6,98.85,Warning
Tiruchirappalli,11.79,8.16,89.21,39.85,Safe
Chennai,239.82,2.24,68.58,44.14,Warning
Chennai,188.37,2.24,57.97,42.9,Warning
Coimbatore,24.53,5.37,39.19,92.58,Safe
Erode,262.07,5.93,39.97,75.8,Warning
Erode,276.26,5.8,70.25,40.65,Danger
Tirunelveli,18.32,0.91,99.47,60.82,Safe
Coimbatore,83.06,8.77,69.57,73.07,Warning
Madurai,241.86,2.66,60.2,35.84,Warning
Erode,224.48,1.3,75.76,91.77,Warning
Tiruchirappalli,55.36,8.89,51.87,86.25,Warning
Vellore,62.8,9.56,15.41,65.36,Safe
Coimbatore,111.14,8.62,60.61,97.7,Warning
Vellore,145.36,8.1,96.19,,Warning
Chennai,185.48,6.55,25.78,98.89,Danger
Tiruchirappalli,110.67,5.51,72.1,76.75,Warning
Tiruchirappalli,138.76,0.87,28.08,74.43,Safe
Chennai,224.24,4.08,58.22,41.62,Warning
Coimbatore,11.0,3.73,18.7,91.73,Safe
Chennai,75.73,2.6,50.53,59.92,Safe
Vellore,214.0,7.23,78.05,41.36,Warning
Tirunelveli,268.56,4.96,41.28,30.88,Warning
Tiruchirappalli,153.5,0.81,69.84,69.18,Warning
Salem,159.63,2.2,81.59,66.92,Warning
Salem,32.15,6.83,93.45,80.35,Warning
Vellore,134.22,0.76,31.12,92.32,Safe
Madurai,159.79,8.51,45.94,35.56,Warning
Erode,72.74,4.95,23.72,81.2,Safe
Chennai,80.77,4.81,99.32,43.12,Warning
Chennai,,5.92,93.43,90.07,Warning
Madurai,6.02,8.25,58.6,87.33,Warning
Madurai,96.62,3.48,85.78,67.86,Warning
Vellore,63.43,6.78,56.89,79.72,Safe
Vellore,98.25,5.66,66.12,52.0,Safe
Madurai,35.93,2.67,18.02,62.98,Safe
Tiruchirappalli,267.16,8.79,77.97,87.51,Danger
Vellore,178.08,7.97,21.49,62.15,Warning
Tirunelveli,203.73,6.58,84.35,55.05,Danger
Vellore,236.75,8.51,80.38,64.59,Danger
Chennai,149.53,8.67,73.79,87.98,Danger
Vellore,26.08,7.08,13.25,53.46,Safe
Tiruchirappalli,161.13,8.37,37.28,42.16,Warning
Madurai,176.05,6.97,33.68,79.84,Warning
Chennai,223.63,6.8,42.41,87.82,Warning
Vellore,129.5,6.19,17.89,37.04,Safe
Tiruchirappalli,38.27,7.53,94.33,46.79,Warning
Tirunelveli,85.13,1.59,59.84,39.94,Safe
Vellore,108.92,8.81,37.5,54.36,Warning
Tiruchirappalli,193.78,8.72,45.73,61.52,Warning
Tirunelveli,171.23,0.29,50.25,82.42,Safe
Madurai,106.83,8.26,64.05,75.58,Warning
Vellore,295.95,1.29,56.41,73.46,Warning
Tirunelveli,181.73,3.35,92.75,54.67,Warning
Chennai,71.17,7.44,54.73,88.9,Warning
Madurai,30.53,1.61,99.29,62.99,Safe
Chennai,45.86,8.18,86.63,98.54,Warning
Salem,73.79,8.32,28.77,74.39,Warning
Coimbatore,48.2,5.07,93.75,38.84,Warning
Vellore,55.97,0.06,20.47,77.33,Safe
Tirunelveli,85.53,2.87,83.57,52.76,Safe
Coimbatore,52.01,6.17,44.26,78.04,Safe
Coimbatore,269.03,9.81,89.02,34.87,Danger
Tirunelveli,24.07,6.32,88.13,42.24,Safe
Madurai,157.35,2.6,82.53,89.9,Warning
Vellore,123.12,6.34,81.1,45.9,Warning
Salem,294.71,5.4,37.42,88.59,Danger
Chennai,33.61,7.8,17.28,49.55,Safe
Tiruchirappalli,119.36,1.07,46.27,75.0,Safe
Chennai,290.84,7.61,25.62,78.59,Danger
Tiruchirappalli,259.65,5.41,72.55,65.89,Danger
Chennai,245.12,9.63,41.15,51.37,Warning
Tirunelveli,77.37,3.42,97.8,44.89,Warning
Salem,51.27,6.33,67.69,32.32,Warning
Vellore,200.59,9.32,84.02,51.28,Danger
Tiruchirappalli,278.81,1.03,21.93,75.72,Warning
Vellore,167.03,9.37,87.58,95.68,Danger
Vellore,171.48,6.88,93.05,90.98,Danger
Vellore,83.99,0.68,53.84,83.62,Safe
Erode,230.85,3.01,64.56,85.19,Warning
Madurai,56.11,7.08,78.83,76.55,Warning
Chennai,97.1,0.67,25.74,48.22,Safe
Vellore,127.63,5.82,55.23,93.5,Warning
Chennai,152.28,3.46,45.88,76.95,Warning
Vellore,72.72,6.21,23.17,69.23,Safe
Tiruchirappalli,34.45,0.46,43.08,37.77,Safe
Madurai,183.19,8.72,16.14,61.29,Warning
Madurai,86.59,9.73,12.32,62.23,Warning
Tirunelveli,174.37,9.69,22.16,90.52,Warning
Erode,46.31,7.5,96.68,68.27,Warning
Tirunelveli,144.34,1.3,59.46,56.63,Safe
Tirunelveli,159.78,7.58,96.92,98.38,Danger
Tirunelveli,15.55,0.25,48.92,37.75,Safe
Tirunelveli,100.98,0.22,38.06,59.58,Safe
Tirunelveli,40.32,3.24,55.55,32.94,Safe
Salem,19.01,4.89,49.56,81.79,Safe
Madurai,296.99,7.7,19.51,94.27,Danger
Tirunelveli,96.71,6.83,67.67,49.6,Warning
Vellore,242.96,4.46,29.44,90.08,Warning
Madurai,76.39,2.74,65.76,50.46,Safe
Madurai,204.45,9.97,68.52,93.75,Danger
Coimbatore,228.07,4.26,23.68,82.78,Warning
Salem,178.69,4.51,15.52,86.34,Warning
Tirunelveli,141.47,1.64,80.27,31.26,Safe
Chennai,123.55,7.95,51.38,97.4,Warning
Tiruchirappalli,104.66,6.94,15.23,80.87,Safe
Erode,278.86,2.21,99.54,51.33,Danger
Vellore,249.19,0.82,15.2,88.06,Warning
Chennai,289.51,6.8,72.55,49.71,Danger
Salem,37.29,6.55,98.53,91.09,Warning
Tiruchirappalli,219.26,2.73,31.53,37.88,Warning
Salem,281.5,9.51,22.8,79.26,Danger
Vellore,54.37,1.51,20.92,67.85,Safe
Madurai,19.95,4.32,37.29,36.76,Safe
Tiruchirappalli,222.34,9.44,19.09,46.93,Warning
Madurai,172.34,4.2,72.29,30.87,Warning
Vellore,252.55,6.39,15.61,62.81,Warning
Chennai,41.93,3.98,55.85,51.09,Safe
Vellore,238.58,2.74,99.7,71.89,Warning
Chennai,60.49,9.84,83.26,50.81,Warning
Tiruchirappalli,49.1,4.09,65.37,50.99,Safe
Tiruchirappalli,49.28,8.94,37.56,82.02,Warning
Tirunelveli,244.37,2.3,66.15,33.37,Warning
Salem,199.56,2.13,57.43,93.2,Safe
Tirunelveli,156.92,0.31,48.35,89.66,Warning
Salem,107.65,6.52,21.76,76.75,Safe
Tirunelveli,263.16,3.69,89.79,71.53,Danger
Madurai,117.73,8.64,50.48,92.46,Warning
Tiruchirappalli,244.98,4.73,27.52,42.97,Warning
Chennai,131.74,9.68,43.1,35.53,Warning
Salem,113.08,1.86,47.27,46.77,Safe
Vellore,138.8,8.69,84.48,85.62,Danger
Salem,90.41,7.77,76.03,32.43,Warning
Chennai,224.28,7.71,79.24,70.8,Danger
Tirunelveli,150.82,8.45,10.99,99.68,Warning
Salem,69.66,7.61,47.45,89.9,Warning
Erode,269.87,6.26,53.32,66.5,Danger
Madurai,115.17,1.31,11.73,34.45,Safe
Tiruchirappalli,163.07,0.33,33.38,88.2,Safe
Chennai,271.94,9.21,78.43,71.93,Danger
Tiruchirappalli,187.27,6.17,22.34,38.05,Warning
Tirunelveli,150.45,1.5,19.44,52.08,Safe
Madurai,12.22,4.19,68.53,75.95,Safe
Chennai,245.12,9.63,41.15,51.37,Warning
Tiruchirappalli,188.27,0.75,10.52,63.81,Safe
Vellore,211.22,8.74,41.81,34.36,Warning
Tiruchirappalli,84.56,2.22,63.37,69.55,Safe
Vellore,62.8,9.56,15.41,65.36,Safe
Vellore,108.06,6.11,72.05,77.62,Warning
